sample	library	run	r1_file	r2_file	reads_raw_r1	reads_raw_r2	reads_primers_fwd	reads_primers_rvs	reads_filtered_fwd	reads_filtered_rvs	reads_merged	reads_tabled	reads_chimera_checked
e02801-1-18S	e02801-1-18S	1	e02801-1-18S_S1_L001_R1_001.fastq.gz	e02801-1-18S_S1_L001_R2_001.fastq.gz	22003	22003	21560	21560	21510	21510	21305	21305	21247
e02801-2-18S	e02801-2-18S	1	e02801-2-18S_S38_L001_R1_001.fastq.gz	e02801-2-18S_S38_L001_R2_001.fastq.gz	23273	23273	22814	22814	20672	20672	20450	20450	20447
e02802-1-18S	e02802-1-18S	1	e02802-1-18S_S2_L001_R1_001.fastq.gz	e02802-1-18S_S2_L001_R2_001.fastq.gz	28366	28366	27609	27609	27544	27544	27276	27276	27269
e02802-2-18S	e02802-2-18S	1	e02802-2-18S_S39_L001_R1_001.fastq.gz	e02802-2-18S_S39_L001_R2_001.fastq.gz	27500	27500	26797	26797	26751	26751	26573	26573	26560
e02803-1-18S	e02803-1-18S	1	e02803-1-18S_S3_L001_R1_001.fastq.gz	e02803-1-18S_S3_L001_R2_001.fastq.gz	32009	32009	31329	31329	31246	31246	30796	30796	30672
e02803-2-18S	e02803-2-18S	1	e02803-2-18S_S40_L001_R1_001.fastq.gz	e02803-2-18S_S40_L001_R2_001.fastq.gz	20788	20788	20318	20318	19092	19092	18732	18732	18599
e02804-1-18S	e02804-1-18S	1	e02804-1-18S_S4_L001_R1_001.fastq.gz	e02804-1-18S_S4_L001_R2_001.fastq.gz	23084	23084	22627	22627	22580	22580	22154	22154	22149
e02804-2-18S	e02804-2-18S	1	e02804-2-18S_S41_L001_R1_001.fastq.gz	e02804-2-18S_S41_L001_R2_001.fastq.gz	23014	23014	22516	22516	22337	22337	21714	21714	21711
e02805-1-18S	e02805-1-18S	1	e02805-1-18S_S5_L001_R1_001.fastq.gz	e02805-1-18S_S5_L001_R2_001.fastq.gz	27750	27750	27170	27170	27118	27118	27030	27030	27030
e02805-2-18S	e02805-2-18S	1	e02805-2-18S_S42_L001_R1_001.fastq.gz	e02805-2-18S_S42_L001_R2_001.fastq.gz	32294	32294	31635	31635	31559	31559	31476	31476	31476
e02806-1-18S	e02806-1-18S	1	e02806-1-18S_S6_L001_R1_001.fastq.gz	e02806-1-18S_S6_L001_R2_001.fastq.gz	33218	33218	32549	32549	32476	32476	32356	32356	32317
e02806-2-18S	e02806-2-18S	1	e02806-2-18S_S43_L001_R1_001.fastq.gz	e02806-2-18S_S43_L001_R2_001.fastq.gz	30285	30285	29658	29658	29572	29572	29372	29372	29365
e02807-1-18S	e02807-1-18S	1	e02807-1-18S_S7_L001_R1_001.fastq.gz	e02807-1-18S_S7_L001_R2_001.fastq.gz	46993	46993	46117	46117	46036	46036	45671	45671	45547
e02807-2-18S	e02807-2-18S	1	e02807-2-18S_S44_L001_R1_001.fastq.gz	e02807-2-18S_S44_L001_R2_001.fastq.gz	29950	29950	27755	27755	27634	27634	27207	27207	27171
e02808-1-18S	e02808-1-18S	1	e02808-1-18S_S8_L001_R1_001.fastq.gz	e02808-1-18S_S8_L001_R2_001.fastq.gz	3084	3084	667	667	641	641	467	467	467
e02808-2-18S	e02808-2-18S	1	e02808-2-18S_S45_L001_R1_001.fastq.gz	e02808-2-18S_S45_L001_R2_001.fastq.gz	27348	27348	26832	26832	26420	26420	25975	25975	25947
e02809-1-18S	e02809-1-18S	1	e02809-1-18S_S9_L001_R1_001.fastq.gz	e02809-1-18S_S9_L001_R2_001.fastq.gz	17286	17286	16881	16881	16835	16835	16670	16670	16667
e02809-2-18S	e02809-2-18S	1	e02809-2-18S_S46_L001_R1_001.fastq.gz	e02809-2-18S_S46_L001_R2_001.fastq.gz	22911	22911	22358	22358	22305	22305	22151	22151	22151
e02810-1-18S	e02810-1-18S	1	e02810-1-18S_S10_L001_R1_001.fastq.gz	e02810-1-18S_S10_L001_R2_001.fastq.gz	8402	8402	8109	8109	8081	8081	7926	7926	7926
e02810-2-18S	e02810-2-18S	1	e02810-2-18S_S47_L001_R1_001.fastq.gz	e02810-2-18S_S47_L001_R2_001.fastq.gz	32242	32242	31508	31508	31433	31433	31307	31307	31295
e02811-1-18S	e02811-1-18S	1	e02811-1-18S_S11_L001_R1_001.fastq.gz	e02811-1-18S_S11_L001_R2_001.fastq.gz	30077	30077	29424	29424	29373	29373	28399	28399	28302
e02811-2-18S	e02811-2-18S	1	e02811-2-18S_S48_L001_R1_001.fastq.gz	e02811-2-18S_S48_L001_R2_001.fastq.gz	22562	22562	22106	22106	22049	22049	20911	20911	20817
e02812-1-18S	e02812-1-18S	1	e02812-1-18S_S12_L001_R1_001.fastq.gz	e02812-1-18S_S12_L001_R2_001.fastq.gz	26178	26178	25599	25599	25538	25538	25456	25456	25455
e02812-2-18S	e02812-2-18S	1	e02812-2-18S_S49_L001_R1_001.fastq.gz	e02812-2-18S_S49_L001_R2_001.fastq.gz	25672	25672	25200	25200	25143	25143	25014	25014	25014
e02813-1-18S	e02813-1-18S	1	e02813-1-18S_S13_L001_R1_001.fastq.gz	e02813-1-18S_S13_L001_R2_001.fastq.gz	26564	26564	25950	25950	25871	25871	25408	25408	25401
e02813-2-18S	e02813-2-18S	1	e02813-2-18S_S50_L001_R1_001.fastq.gz	e02813-2-18S_S50_L001_R2_001.fastq.gz	13299	13299	13010	13010	12918	12918	12267	12267	12250
e02814-1-18S	e02814-1-18S	1	e02814-1-18S_S14_L001_R1_001.fastq.gz	e02814-1-18S_S14_L001_R2_001.fastq.gz	21749	21749	21266	21266	21213	21213	20965	20965	20122
e02814-2-18S	e02814-2-18S	1	e02814-2-18S_S51_L001_R1_001.fastq.gz	e02814-2-18S_S51_L001_R2_001.fastq.gz	23536	23536	23053	23053	23004	23004	22570	22570	22551
e02815-1-18S	e02815-1-18S	1	e02815-1-18S_S15_L001_R1_001.fastq.gz	e02815-1-18S_S15_L001_R2_001.fastq.gz	27198	27198	25684	25684	25624	25624	25229	25229	25213
e02815-2-18S	e02815-2-18S	1	e02815-2-18S_S52_L001_R1_001.fastq.gz	e02815-2-18S_S52_L001_R2_001.fastq.gz	23919	23919	23400	23400	23334	23334	22992	22992	22973
e02816-1-18S	e02816-1-18S	1	e02816-1-18S_S16_L001_R1_001.fastq.gz	e02816-1-18S_S16_L001_R2_001.fastq.gz	11134	11134	10868	10868	10796	10796	10521	10521	10457
e02816-2-18S	e02816-2-18S	1	e02816-2-18S_S53_L001_R1_001.fastq.gz	e02816-2-18S_S53_L001_R2_001.fastq.gz	26631	26631	26092	26092	26012	26012	25764	25764	25764
e02817-1-18S	e02817-1-18S	1	e02817-1-18S_S17_L001_R1_001.fastq.gz	e02817-1-18S_S17_L001_R2_001.fastq.gz	20862	20862	20435	20435	20360	20360	20144	20144	20138
e02817-2-18S	e02817-2-18S	1	e02817-2-18S_S54_L001_R1_001.fastq.gz	e02817-2-18S_S54_L001_R2_001.fastq.gz	22701	22701	22140	22140	22045	22045	21653	21653	21636
e02818-1-18S	e02818-1-18S	1	e02818-1-18S_S18_L001_R1_001.fastq.gz	e02818-1-18S_S18_L001_R2_001.fastq.gz	13968	13968	13647	13647	13617	13617	13501	13501	13484
e02818-2-18S	e02818-2-18S	1	e02818-2-18S_S55_L001_R1_001.fastq.gz	e02818-2-18S_S55_L001_R2_001.fastq.gz	26424	26424	25830	25830	25768	25768	25668	25668	25668
e02819-1-18S	e02819-1-18S	1	e02819-1-18S_S19_L001_R1_001.fastq.gz	e02819-1-18S_S19_L001_R2_001.fastq.gz	204493	204493	200889	200889	200537	200537	194324	194324	190335
e02819-2-18S	e02819-2-18S	1	e02819-2-18S_S56_L001_R1_001.fastq.gz	e02819-2-18S_S56_L001_R2_001.fastq.gz	26864	26864	26280	26280	26235	26235	25416	25416	25289
e02820-1-18S	e02820-1-18S	1	e02820-1-18S_S20_L001_R1_001.fastq.gz	e02820-1-18S_S20_L001_R2_001.fastq.gz	24593	24593	24109	24109	24038	24038	23927	23927	23927
e02820-2-18S	e02820-2-18S	1	e02820-2-18S_S57_L001_R1_001.fastq.gz	e02820-2-18S_S57_L001_R2_001.fastq.gz	25876	25876	25359	25359	25307	25307	25218	25218	25218
e02821-1-18S	e02821-1-18S	1	e02821-1-18S_S21_L001_R1_001.fastq.gz	e02821-1-18S_S21_L001_R2_001.fastq.gz	28105	28105	27510	27510	27430	27430	27174	27174	27114
e02821-2-18S	e02821-2-18S	1	e02821-2-18S_S58_L001_R1_001.fastq.gz	e02821-2-18S_S58_L001_R2_001.fastq.gz	26119	26119	25621	25621	25545	25545	25153	25153	25143
e02822-1-18S	e02822-1-18S	1	e02822-1-18S_S22_L001_R1_001.fastq.gz	e02822-1-18S_S22_L001_R2_001.fastq.gz	22483	22483	22072	22072	22019	22019	21692	21692	21692
e02822-2-18S	e02822-2-18S	1	e02822-2-18S_S59_L001_R1_001.fastq.gz	e02822-2-18S_S59_L001_R2_001.fastq.gz	34089	34089	30278	30278	30109	30109	29721	29721	29707
e02823-1-18S	e02823-1-18S	1	e02823-1-18S_S23_L001_R1_001.fastq.gz	e02823-1-18S_S23_L001_R2_001.fastq.gz	29463	29463	28796	28796	28722	28722	28496	28496	28496
e02823-2-18S	e02823-2-18S	1	e02823-2-18S_S60_L001_R1_001.fastq.gz	e02823-2-18S_S60_L001_R2_001.fastq.gz	29099	29099	28467	28467	28396	28396	28231	28231	28231
e02824-1-18S	e02824-1-18S	1	e02824-1-18S_S24_L001_R1_001.fastq.gz	e02824-1-18S_S24_L001_R2_001.fastq.gz	21518	21518	21113	21113	21072	21072	20554	20554	20550
e02824-2-18S	e02824-2-18S	1	e02824-2-18S_S61_L001_R1_001.fastq.gz	e02824-2-18S_S61_L001_R2_001.fastq.gz	16426	16426	15972	15972	15939	15939	15668	15668	15668
e02825-1-18S	e02825-1-18S	1	e02825-1-18S_S25_L001_R1_001.fastq.gz	e02825-1-18S_S25_L001_R2_001.fastq.gz	35462	35462	34770	34770	34683	34683	34201	34201	34149
e02825-2-18S	e02825-2-18S	1	e02825-2-18S_S62_L001_R1_001.fastq.gz	e02825-2-18S_S62_L001_R2_001.fastq.gz	24642	24642	24124	24124	23998	23998	23740	23740	23680
e02826-1-18S	e02826-1-18S	1	e02826-1-18S_S26_L001_R1_001.fastq.gz	e02826-1-18S_S26_L001_R2_001.fastq.gz	28356	28356	27755	27755	27683	27683	27537	27537	27534
e02826-2-18S	e02826-2-18S	1	e02826-2-18S_S63_L001_R1_001.fastq.gz	e02826-2-18S_S63_L001_R2_001.fastq.gz	29617	29617	28996	28996	28919	28919	28807	28807	28770
e02827-1-18S	e02827-1-18S	1	e02827-1-18S_S27_L001_R1_001.fastq.gz	e02827-1-18S_S27_L001_R2_001.fastq.gz	19082	19082	18668	18668	18609	18609	18348	18348	18336
e02827-2-18S	e02827-2-18S	1	e02827-2-18S_S64_L001_R1_001.fastq.gz	e02827-2-18S_S64_L001_R2_001.fastq.gz	12127	12127	11859	11859	11826	11826	11770	11770	11770
e02828-1-18S	e02828-1-18S	1	e02828-1-18S_S28_L001_R1_001.fastq.gz	e02828-1-18S_S28_L001_R2_001.fastq.gz	38725	38725	37884	37884	37799	37799	37415	37415	37391
e02828-2-18S	e02828-2-18S	1	e02828-2-18S_S65_L001_R1_001.fastq.gz	e02828-2-18S_S65_L001_R2_001.fastq.gz	23919	23919	23379	23379	23311	23311	22870	22870	22842
e02829-1-18S	e02829-1-18S	1	e02829-1-18S_S29_L001_R1_001.fastq.gz	e02829-1-18S_S29_L001_R2_001.fastq.gz	50437	50437	49496	49496	49401	49401	48418	48418	48331
e02829-2-18S	e02829-2-18S	1	e02829-2-18S_S66_L001_R1_001.fastq.gz	e02829-2-18S_S66_L001_R2_001.fastq.gz	21840	21840	21385	21385	21330	21330	20835	20835	20832
e02830-1-18S	e02830-1-18S	1	e02830-1-18S_S30_L001_R1_001.fastq.gz	e02830-1-18S_S30_L001_R2_001.fastq.gz	54298	54298	53284	53284	53169	53169	53024	53024	53024
e02830-2-18S	e02830-2-18S	1	e02830-2-18S_S67_L001_R1_001.fastq.gz	e02830-2-18S_S67_L001_R2_001.fastq.gz	1105	1105	994	994	989	989	946	946	946
e02831-1-18S	e02831-1-18S	1	e02831-1-18S_S31_L001_R1_001.fastq.gz	e02831-1-18S_S31_L001_R2_001.fastq.gz	226834	226834	222745	222745	222307	222307	219348	219348	218135
e02831-2-18S	e02831-2-18S	1	e02831-2-18S_S68_L001_R1_001.fastq.gz	e02831-2-18S_S68_L001_R2_001.fastq.gz	31388	31388	30774	30774	30712	30712	30347	30347	30302
e02832-1-18S	e02832-1-18S	1	e02832-1-18S_S32_L001_R1_001.fastq.gz	e02832-1-18S_S32_L001_R2_001.fastq.gz	36582	36582	35850	35850	33810	33810	33011	33011	32915
e02832-2-18S	e02832-2-18S	1	e02832-2-18S_S69_L001_R1_001.fastq.gz	e02832-2-18S_S69_L001_R2_001.fastq.gz	25205	25205	24714	24714	24653	24653	24322	24322	24293
e02833-1-18S	e02833-1-18S	1	e02833-1-18S_S33_L001_R1_001.fastq.gz	e02833-1-18S_S33_L001_R2_001.fastq.gz	23755	23755	23290	23290	23237	23237	22895	22895	22889
e02833-2-18S	e02833-2-18S	1	e02833-2-18S_S70_L001_R1_001.fastq.gz	e02833-2-18S_S70_L001_R2_001.fastq.gz	21976	21976	21491	21491	21427	21427	20845	20845	20837
e02834-1-18S	e02834-1-18S	1	e02834-1-18S_S34_L001_R1_001.fastq.gz	e02834-1-18S_S34_L001_R2_001.fastq.gz	151	151	97	97	94	94	63	63	63
e02834-2-18S	e02834-2-18S	1	e02834-2-18S_S71_L001_R1_001.fastq.gz	e02834-2-18S_S71_L001_R2_001.fastq.gz	39770	39770	39094	39094	39045	39045	37776	37776	37280
e02835-1-18S	e02835-1-18S	1	e02835-1-18S_S35_L001_R1_001.fastq.gz	e02835-1-18S_S35_L001_R2_001.fastq.gz	13063	13063	10972	10972	10904	10904	10616	10616	10616
e02835-2-18S	e02835-2-18S	1	e02835-2-18S_S72_L001_R1_001.fastq.gz	e02835-2-18S_S72_L001_R2_001.fastq.gz	12295	12295	11968	11968	11432	11432	11110	11110	11109
NC-1-18S	NC-1-18S	1	NC-1-18S_S36_L001_R1_001.fastq.gz	NC-1-18S_S36_L001_R2_001.fastq.gz	139	139	88	88	83	83	56	56	56
NC-2-18S	NC-2-18S	1	NC-2-18S_S73_L001_R1_001.fastq.gz	NC-2-18S_S73_L001_R2_001.fastq.gz	6323	6323	6036	6036	5952	5952	5840	5840	5840
PC-1-18S	PC-1-18S	1	PC-1-18S_S37_L001_R1_001.fastq.gz	PC-1-18S_S37_L001_R2_001.fastq.gz	32610	32610	31983	31983	31885	31885	31275	31275	29323
PC-2-18S	PC-2-18S	1	PC-2-18S_S74_L001_R1_001.fastq.gz	PC-2-18S_S74_L001_R2_001.fastq.gz	38747	38747	37965	37965	37846	37846	37083	37083	34650
