sample	library	run	r1_file	r2_file	reads_raw_r1	reads_raw_r2	reads_primers_fwd	reads_primers_rvs	reads_filtered_fwd	reads_filtered_rvs	reads_tabled	reads_chimera_checked	reads_tax.length_filtered
44873	44873	1	44873_S538_L001_R1_001.fastq.gz	44873_S538_L001_R2_001.fastq.gz	2879	2879	2807	2807	2762	2762	2758	2758	0
44874	44874	1	44874_S539_L001_R1_001.fastq.gz	44874_S539_L001_R2_001.fastq.gz	2629	2629	2557	2557	2546	2546	2540	2540	0
44875	44875	1	44875_S540_L001_R1_001.fastq.gz	44875_S540_L001_R2_001.fastq.gz	2705	2705	2632	2632	2599	2599	2589	2589	0
44876	44876	1	44876_S541_L001_R1_001.fastq.gz	44876_S541_L001_R2_001.fastq.gz	3118	3118	3056	3056	3050	3050	3037	3033	0
44877	44877	1	44877_S542_L001_R1_001.fastq.gz	44877_S542_L001_R2_001.fastq.gz	2826	2826	2753	2753	2743	2743	2738	2738	0
44878	44878	1	44878_S543_L001_R1_001.fastq.gz	44878_S543_L001_R2_001.fastq.gz	2518	2518	2435	2435	2063	2063	2057	2057	0
44879	44879	1	44879_S544_L001_R1_001.fastq.gz	44879_S544_L001_R2_001.fastq.gz	3304	3304	3228	3228	3173	3173	3122	3046	0
44880	44880	1	44880_S545_L001_R1_001.fastq.gz	44880_S545_L001_R2_001.fastq.gz	2495	2495	2318	2318	2312	2312	2310	2310	0
44881	44881	1	44881_S546_L001_R1_001.fastq.gz	44881_S546_L001_R2_001.fastq.gz	3162	3162	3092	3092	2947	2947	2930	2930	0
44882	44882	1	44882_S547_L001_R1_001.fastq.gz	44882_S547_L001_R2_001.fastq.gz	3024	3024	2937	2937	2918	2918	2911	2908	0
44883	44883	1	44883_S548_L001_R1_001.fastq.gz	44883_S548_L001_R2_001.fastq.gz	3668	3668	3594	3594	3585	3585	3578	3576	0
44884	44884	1	44884_S549_L001_R1_001.fastq.gz	44884_S549_L001_R2_001.fastq.gz	3334	3334	3252	3252	3237	3237	3225	3225	0
44885	44885	1	44885_S550_L001_R1_001.fastq.gz	44885_S550_L001_R2_001.fastq.gz	3678	3678	3601	3601	3578	3578	3565	3565	0
44886	44886	1	44886_S551_L001_R1_001.fastq.gz	44886_S551_L001_R2_001.fastq.gz	3303	3303	3230	3230	3218	3218	3217	3217	0
44887	44887	1	44887_S552_L001_R1_001.fastq.gz	44887_S552_L001_R2_001.fastq.gz	2780	2780	2675	2675	2669	2669	2663	2663	0
44888	44888	1	44888_S553_L001_R1_001.fastq.gz	44888_S553_L001_R2_001.fastq.gz	1699	1699	1648	1648	919	919	912	909	0
44889	44889	1	44889_S554_L001_R1_001.fastq.gz	44889_S554_L001_R2_001.fastq.gz	3158	3158	3089	3089	1988	1988	1971	1966	0
44890	44890	1	44890_S555_L001_R1_001.fastq.gz	44890_S555_L001_R2_001.fastq.gz	3331	3331	3249	3249	2939	2939	2924	2924	0
44891	44891	1	44891_S556_L001_R1_001.fastq.gz	44891_S556_L001_R2_001.fastq.gz	2677	2677	2618	2618	2609	2609	2607	2607	0
44892	44892	1	44892_S557_L001_R1_001.fastq.gz	44892_S557_L001_R2_001.fastq.gz	2551	2551	2504	2504	2490	2490	2487	2487	0
44893	44893	1	44893_S558_L001_R1_001.fastq.gz	44893_S558_L001_R2_001.fastq.gz	2624	2624	2571	2571	2555	2555	2546	2546	0
44894	44894	1	44894_S559_L001_R1_001.fastq.gz	44894_S559_L001_R2_001.fastq.gz	1995	1995	1944	1944	1939	1939	1938	1938	0
44895	44895	1	44895_S560_L001_R1_001.fastq.gz	44895_S560_L001_R2_001.fastq.gz	3716	3716	3634	3634	3622	3622	3620	3620	0
44897	44897	1	44897_S561_L001_R1_001.fastq.gz	44897_S561_L001_R2_001.fastq.gz	2714	2714	2660	2660	2196	2196	2178	2178	0
44898	44898	1	44898_S562_L001_R1_001.fastq.gz	44898_S562_L001_R2_001.fastq.gz	2747	2747	2699	2699	2630	2630	2619	2619	0
44899	44899	1	44899_S563_L001_R1_001.fastq.gz	44899_S563_L001_R2_001.fastq.gz	2285	2285	2215	2215	2206	2206	2200	2200	0
44900	44900	1	44900_S564_L001_R1_001.fastq.gz	44900_S564_L001_R2_001.fastq.gz	2262	2262	2212	2212	2201	2201	2173	2173	0
44901	44901	1	44901_S565_L001_R1_001.fastq.gz	44901_S565_L001_R2_001.fastq.gz	2147	2147	2097	2097	2093	2093	2067	2043	0
44902	44902	1	44902_S566_L001_R1_001.fastq.gz	44902_S566_L001_R2_001.fastq.gz	2309	2309	2263	2263	2258	2258	2238	2230	0
44903	44903	1	44903_S567_L001_R1_001.fastq.gz	44903_S567_L001_R2_001.fastq.gz	2210	2210	2158	2158	2152	2152	2124	2124	0
44904	44904	1	44904_S568_L001_R1_001.fastq.gz	44904_S568_L001_R2_001.fastq.gz	2328	2328	2263	2263	2260	2260	2260	2260	0
44905	44905	1	44905_S569_L001_R1_001.fastq.gz	44905_S569_L001_R2_001.fastq.gz	2658	2658	2587	2587	2467	2467	2460	2460	0
44906	44906	1	44906_S570_L001_R1_001.fastq.gz	44906_S570_L001_R2_001.fastq.gz	2972	2972	2908	2908	2900	2900	2893	2893	0
44907	44907	1	44907_S571_L001_R1_001.fastq.gz	44907_S571_L001_R2_001.fastq.gz	2128	2128	2084	2084	2078	2078	2073	2073	0
44908	44908	1	44908_S572_L001_R1_001.fastq.gz	44908_S572_L001_R2_001.fastq.gz	2776	2776	2709	2709	2692	2692	2658	2654	0
44909	44909	1	44909_S573_L001_R1_001.fastq.gz	44909_S573_L001_R2_001.fastq.gz	2030	2030	1975	1975	1966	1966	1965	1965	0
44910	44910	1	44910_S574_L001_R1_001.fastq.gz	44910_S574_L001_R2_001.fastq.gz	2871	2871	2820	2820	2816	2816	2808	2808	0
44911	44911	1	44911_S575_L001_R1_001.fastq.gz	44911_S575_L001_R2_001.fastq.gz	2736	2736	2667	2667	2657	2657	2651	2651	0
44912	44912	1	44912_S576_L001_R1_001.fastq.gz	44912_S576_L001_R2_001.fastq.gz	2464	2464	2424	2424	2404	2404	2373	2373	0
44913	44913	1	44913_S577_L001_R1_001.fastq.gz	44913_S577_L001_R2_001.fastq.gz	2367	2367	2315	2315	2257	2257	2248	2248	0
44914	44914	1	44914_S578_L001_R1_001.fastq.gz	44914_S578_L001_R2_001.fastq.gz	3893	3893	3812	3812	3788	3788	3738	3728	0
44916	44916	1	44916_S579_L001_R1_001.fastq.gz	44916_S579_L001_R2_001.fastq.gz	3098	3098	3034	3034	3028	3028	3025	3025	0
44917	44917	1	44917_S580_L001_R1_001.fastq.gz	44917_S580_L001_R2_001.fastq.gz	3215	3215	3143	3143	3137	3137	3094	3094	0
44918	44918	1	44918_S581_L001_R1_001.fastq.gz	44918_S581_L001_R2_001.fastq.gz	2668	2668	2593	2593	2580	2580	2555	2549	0
44919	44919	1	44919_S582_L001_R1_001.fastq.gz	44919_S582_L001_R2_001.fastq.gz	409	409	397	397	396	396	396	396	0
44920	44920	1	44920_S583_L001_R1_001.fastq.gz	44920_S583_L001_R2_001.fastq.gz	1915	1915	1870	1870	1864	1864	1840	1822	0
44922	44922	1	44922_S584_L001_R1_001.fastq.gz	44922_S584_L001_R2_001.fastq.gz	3108	3108	3014	3014	3000	3000	2950	2921	0
44923	44923	1	44923_S585_L001_R1_001.fastq.gz	44923_S585_L001_R2_001.fastq.gz	2654	2654	2600	2600	2582	2582	2532	2468	0
NTC-Gadids	NTC-Gadids	1	NTC-Gadids_S586_L001_R1_001.fastq.gz	NTC-Gadids_S586_L001_R2_001.fastq.gz	4646	4646	4546	4546	0	0	0	0	0
