Sample_ID,extraction_ID,primer,PCR_replicate,alternative_ID,collection_year,collection_month,collection_day,location3,sample_type
e02801_1_18S,e02801,18S,1,162-28,2022,12,2,Haul 3,sample
e02802_1_18S,e02802,18S,1,162-35,2022,12,2,Haul 4,sample
e02803_1_18S,e02803,18S,1,162-31,2022,12,2,Haul 4,sample
e02804_1_18S,e02804,18S,1,162-17,2022,12,7,Haul 2,sample
e02805_1_18S,e02805,18S,1,162-188,2022,12,7,Haul 186,sample
e02806_1_18S,e02806,18S,1,162-30,2022,12,7,Haul 3,sample
e02807_1_18S,e02807,18S,1,162-3,2022,12,8,Haul 1,sample
e02808_1_18S,e02808,18S,1,162-20,2022,12,8,Haul 2,sample
e02809_1_18S,e02809,18S,1,162-29,2022,12,8,Haul 3,sample
e02810_1_18S,e02810,18S,1,162-18,2022,12,8,Haul 2,sample
e02811_1_18S,e02811,18S,1,162-4,2022,12,8,Haul 1,sample
e02812_1_18S,e02812,18S,1,162-16,2022,12,14,Haul 2,sample
e02813_1_18S,e02813,18S,1,162-26,2022,12,14,Haul 3,sample
e02814_1_18S,e02814,18S,1,162-53,2022,12,14,Haul 21,sample
e02815_1_18S,e02815,18S,1,162-2,2022,12,14,Haul 2,sample
e02816_1_18S,e02816,18S,1,162-185,2022,12,14,Haul 151,sample
e02817_1_18S,e02817,18S,1,162-8,2022,12,16,Haul 1,sample
e02818_1_18S,e02818,18S,1,162-15,2022,12,16,Haul 2,sample
e02819_1_18S,e02819,18S,1,162-9,2022,12,16,Haul 1,sample
e02820_1_18S,e02820,18S,1,162-55,2022,12,16,Haul 23,sample
e02821_1_18S,e02821,18S,1,162-1,2022,12,16,Haul 1,sample
e02822_1_18S,e02822,18S,1,162-199,2022,12,16,Haul 127,sample
e02823_1_18S,e02823,18S,1,94-65,2022,12,NA,NA,sample
e02824_1_18S,e02824,18S,1,94-75,2022,12,NA,NA,sample
e02825_1_18S,e02825,18S,1,94-77,2022,12,NA,NA,sample
e02826_1_18S,e02826,18S,1,NC1,NA,NA,NA,NA,extraction_blank
e02827_1_18S,e02827,18S,1,NC2,NA,NA,NA,NA,extraction_blank
e02828_1_18S,e02828,18S,1,NC3,NA,NA,NA,NA,extraction_blank
e02829_1_18S,e02829,18S,1,162-199,2022,12,16,Haul 127,sample
e02830_1_18S,e02830,18S,1,162-185,2022,12,14,Haul 151,sample
e02831_1_18S,e02831,18S,1,162-185,2022,12,14,Haul 151,sample
e02832_1_18S,e02832,18S,1,94-75,2022,12,NA,NA,sample
e02833_1_18S,e02833,18S,1,94-75,2022,12,NA,NA,sample
e02834_1_18S,e02834,18S,1,162-9,2022,12,16,Haul 1,sample
e02835_1_18S,e02835,18S,1,94-75,2022,12,NA,NA,sample
NC_1_18S,NC_1,18S,1,NA,NA,NA,NA,NA,PCR_blank
PC_1_18S,PC_1,18S,1,NA,NA,NA,NA,NA,positive
e02801_2_18S,e02801,18S,2,162-28,2022,12,2,Haul 3,sample
e02802_2_18S,e02802,18S,2,162-35,2022,12,2,Haul 4,sample
e02803_2_18S,e02803,18S,2,162-31,2022,12,2,Haul 4,sample
e02804_2_18S,e02804,18S,2,162-17,2022,12,7,Haul 2,sample
e02805_2_18S,e02805,18S,2,162-188,2022,12,7,Haul 186,sample
e02806_2_18S,e02806,18S,2,162-30,2022,12,7,Haul 3,sample
e02807_2_18S,e02807,18S,2,162-3,2022,12,8,Haul 1,sample
e02808_2_18S,e02808,18S,2,162-20,2022,12,8,Haul 2,sample
e02809_2_18S,e02809,18S,2,162-29,2022,12,8,Haul 3,sample
e02810_2_18S,e02810,18S,2,162-18,2022,12,8,Haul 2,sample
e02811_2_18S,e02811,18S,2,162-4,2022,12,8,Haul 1,sample
e02812_2_18S,e02812,18S,2,162-16,2022,12,14,Haul 2,sample
e02813_2_18S,e02813,18S,2,162-26,2022,12,14,Haul 3,sample
e02814_2_18S,e02814,18S,2,162-53,2022,12,14,Haul 21,sample
e02815_2_18S,e02815,18S,2,162-2,2022,12,14,Haul 2,sample
e02816_2_18S,e02816,18S,2,162-185,2022,12,14,Haul 151,sample
e02817_2_18S,e02817,18S,2,162-8,2022,12,16,Haul 1,sample
e02818_2_18S,e02818,18S,2,162-15,2022,12,16,Haul 2,sample
e02819_2_18S,e02819,18S,2,162-9,2022,12,16,Haul 1,sample
e02820_2_18S,e02820,18S,2,162-55,2022,12,16,Haul 23,sample
e02821_2_18S,e02821,18S,2,162-1,2022,12,16,Haul 1,sample
e02822_2_18S,e02822,18S,2,162-199,2022,12,16,Haul 127,sample
e02823_2_18S,e02823,18S,2,94-65,2022,12,NA,NA,sample
e02824_2_18S,e02824,18S,2,94-75,2022,12,NA,NA,sample
e02825_2_18S,e02825,18S,2,94-77,2022,12,NA,NA,sample
e02826_2_18S,e02826,18S,2,NC1,NA,NA,NA,NA,extraction_blank
e02827_2_18S,e02827,18S,2,NC2,NA,NA,NA,NA,extraction_blank
e02828_2_18S,e02828,18S,2,NC3,NA,NA,NA,NA,extraction_blank
e02829_2_18S,e02829,18S,2,162-199,2022,12,16,Haul 127,sample
e02830_2_18S,e02830,18S,2,162-185,2022,12,14,Haul 151,sample
e02831_2_18S,e02831,18S,2,162-185,2022,12,14,Haul 151,sample
e02832_2_18S,e02832,18S,2,94-75,2022,12,NA,NA,sample
e02833_2_18S,e02833,18S,2,94-75,2022,12,NA,NA,sample
e02834_2_18S,e02834,18S,2,162-9,2022,12,16,Haul 1,sample
e02835_2_18S,e02835,18S,2,94-75,2022,12,NA,NA,sample
NC_2_18S,NC_1,18S,2,NA,NA,NA,NA,NA,PCR_blank
PC_2_18S,PC_1,18S,2,NA,NA,NA,NA,NA,positive
e02801_1_MiFish,e02801,MiFish,1,162-28,2022,12,2,Haul 3,sample
e02802_1_MiFish,e02802,MiFish,1,162-35,2022,12,2,Haul 4,sample
e02803_1_MiFish,e02803,MiFish,1,162-31,2022,12,2,Haul 4,sample
e02804_1_MiFish,e02804,MiFish,1,162-17,2022,12,7,Haul 2,sample
e02805_1_MiFish,e02805,MiFish,1,162-188,2022,12,7,Haul 186,sample
e02806_1_MiFish,e02806,MiFish,1,162-30,2022,12,7,Haul 3,sample
e02807_1_MiFish,e02807,MiFish,1,162-3,2022,12,8,Haul 1,sample
e02808_1_MiFish,e02808,MiFish,1,162-20,2022,12,8,Haul 2,sample
e02809_1_MiFish,e02809,MiFish,1,162-29,2022,12,8,Haul 3,sample
e02810_1_MiFish,e02810,MiFish,1,162-18,2022,12,8,Haul 2,sample
e02811_1_MiFish,e02811,MiFish,1,162-4,2022,12,8,Haul 1,sample
e02812_1_MiFish,e02812,MiFish,1,162-16,2022,12,14,Haul 2,sample
e02813_1_MiFish,e02813,MiFish,1,162-26,2022,12,14,Haul 3,sample
e02814_1_MiFish,e02814,MiFish,1,162-53,2022,12,14,Haul 21,sample
e02815_1_MiFish,e02815,MiFish,1,162-2,2022,12,14,Haul 2,sample
e02816_1_MiFish,e02816,MiFish,1,162-185,2022,12,14,Haul 151,sample
e02817_1_MiFish,e02817,MiFish,1,162-8,2022,12,16,Haul 1,sample
e02818_1_MiFish,e02818,MiFish,1,162-15,2022,12,16,Haul 2,sample
e02819_1_MiFish,e02819,MiFish,1,162-9,2022,12,16,Haul 1,sample
e02820_1_MiFish,e02820,MiFish,1,162-55,2022,12,16,Haul 23,sample
e02821_1_MiFish,e02821,MiFish,1,162-1,2022,12,16,Haul 1,sample
e02822_1_MiFish,e02822,MiFish,1,162-199,2022,12,16,Haul 127,sample
e02823_1_MiFish,e02823,MiFish,1,94-65,2022,12,NA,NA,sample
e02824_1_MiFish,e02824,MiFish,1,94-75,2022,12,NA,NA,sample
e02825_1_MiFish,e02825,MiFish,1,94-77,2022,12,NA,NA,sample
e02826_1_MiFish,e02826,MiFish,1,NC1,NA,NA,NA,NA,extraction_blank
e02827_1_MiFish,e02827,MiFish,1,NC2,NA,NA,NA,NA,extraction_blank
e02828_1_MiFish,e02828,MiFish,1,NC3,NA,NA,NA,NA,extraction_blank
e02829_1_MiFish,e02829,MiFish,1,162-199,2022,12,16,Haul 127,sample
e02830_1_MiFish,e02830,MiFish,1,162-185,2022,12,14,Haul 151,sample
e02831_1_MiFish,e02831,MiFish,1,162-185,2022,12,14,Haul 151,sample
e02832_1_MiFish,e02832,MiFish,1,94-75,2022,12,NA,NA,sample
e02833_1_MiFish,e02833,MiFish,1,94-75,2022,12,NA,NA,sample
e02834_1_MiFish,e02834,MiFish,1,162-9,2022,12,16,Haul 1,sample
e02835_1_MiFish,e02835,MiFish,1,94-75,2022,12,NA,NA,sample
NC_1_MiFish,NC_1,MiFish,1,NA,NA,NA,NA,NA,PCR_blank
PC_1_MiFish,PC_1,MiFish,1,NA,NA,NA,NA,NA,positive
e02801_2_MiFish,e02801,MiFish,2,162-28,2022,12,2,Haul 3,sample
e02802_2_MiFish,e02802,MiFish,2,162-35,2022,12,2,Haul 4,sample
e02803_2_MiFish,e02803,MiFish,2,162-31,2022,12,2,Haul 4,sample
e02804_2_MiFish,e02804,MiFish,2,162-17,2022,12,7,Haul 2,sample
e02805_2_MiFish,e02805,MiFish,2,162-188,2022,12,7,Haul 186,sample
e02806_2_MiFish,e02806,MiFish,2,162-30,2022,12,7,Haul 3,sample
e02807_2_MiFish,e02807,MiFish,2,162-3,2022,12,8,Haul 1,sample
e02808_2_MiFish,e02808,MiFish,2,162-20,2022,12,8,Haul 2,sample
e02809_2_MiFish,e02809,MiFish,2,162-29,2022,12,8,Haul 3,sample
e02810_2_MiFish,e02810,MiFish,2,162-18,2022,12,8,Haul 2,sample
e02811_2_MiFish,e02811,MiFish,2,162-4,2022,12,8,Haul 1,sample
e02812_2_MiFish,e02812,MiFish,2,162-16,2022,12,14,Haul 2,sample
e02813_2_MiFish,e02813,MiFish,2,162-26,2022,12,14,Haul 3,sample
e02814_2_MiFish,e02814,MiFish,2,162-53,2022,12,14,Haul 21,sample
e02815_2_MiFish,e02815,MiFish,2,162-2,2022,12,14,Haul 2,sample
e02816_2_MiFish,e02816,MiFish,2,162-185,2022,12,14,Haul 151,sample
e02817_2_MiFish,e02817,MiFish,2,162-8,2022,12,16,Haul 1,sample
e02818_2_MiFish,e02818,MiFish,2,162-15,2022,12,16,Haul 2,sample
e02819_2_MiFish,e02819,MiFish,2,162-9,2022,12,16,Haul 1,sample
e02820_2_MiFish,e02820,MiFish,2,162-55,2022,12,16,Haul 23,sample
e02821_2_MiFish,e02821,MiFish,2,162-1,2022,12,16,Haul 1,sample
e02822_2_MiFish,e02822,MiFish,2,162-199,2022,12,16,Haul 127,sample
e02823_2_MiFish,e02823,MiFish,2,94-65,2022,12,NA,NA,sample
e02824_2_MiFish,e02824,MiFish,2,94-75,2022,12,NA,NA,sample
e02825_2_MiFish,e02825,MiFish,2,94-77,2022,12,NA,NA,sample
e02826_2_MiFish,e02826,MiFish,2,NC1,NA,NA,NA,NA,extraction_blank
e02827_2_MiFish,e02827,MiFish,2,NC2,NA,NA,NA,NA,extraction_blank
e02828_2_MiFish,e02828,MiFish,2,NC3,NA,NA,NA,NA,extraction_blank
e02829_2_MiFish,e02829,MiFish,2,162-199,2022,12,16,Haul 127,sample
e02830_2_MiFish,e02830,MiFish,2,162-185,2022,12,14,Haul 151,sample
e02831_2_MiFish,e02831,MiFish,2,162-185,2022,12,14,Haul 151,sample
e02832_2_MiFish,e02832,MiFish,2,94-75,2022,12,NA,NA,sample
e02833_2_MiFish,e02833,MiFish,2,94-75,2022,12,NA,NA,sample
e02834_2_MiFish,e02834,MiFish,2,162-9,2022,12,16,Haul 1,sample
e02835_2_MiFish,e02835,MiFish,2,94-75,2022,12,NA,NA,sample
NC_2_MiFish,NC_1,MiFish,2,NA,NA,NA,NA,NA,PCR_blank
PC_2_MiFish,PC_1,MiFish,2,NA,NA,NA,NA,NA,positive
